"","Topic 1","Topic 2","Topic 3","Topic 4","Topic 5","Topic 6","Topic 7","Topic 8","Topic 9","Topic 10","Topic 11","Topic 12","Topic 13","Topic 14","Topic 15","Topic 16","Topic 17","Topic 18","Topic 19","Topic 20","Topic 21","Topic 22","Topic 23","Topic 24","Topic 25"
"1","car","our","her","you","not","this","very","this","myy","myy","but","they","food","myy","myy","our","myy","not","here","myy","our","today","his","all","post"
"2","back","year","she","your","out","our","song","here","mee","love","have","kids","eat","mee","week","house","hair","because","shop","them","there","weekend","him","they","blog"
"3","out","this","girl","have","night","about","now","more","would","mee","more","them","them","this","day","room","but","about","off","can","this","happy","hes","this","camera"
"4","myy","christmas","shes","dont","because","had","movie","help","had","who","how","their","this","book","have","out","like","but","blog","you","all","day","little","little","com"
"5","had","family","when","know","then","who","video","all","when","how","this","have","made","read","not","like","have","all","your","make","where","photos","school","but","iso"
"6","mee","favorite","but","want","when","now","this","have","home","life","like","but","make","about","mee","all","mee","which","code","little","place","children","boy","had","http"
"7","drive","last","little","what","over","care","after","some","then","family","there","what","then","like","going","new","look","then","store","paint","see","here","baby","here","content"
"8","know","all","sister","this","like","their","night","who","while","about","because","our","until","post","work","kitchen","use","like","style","paper","trip","beautiful","still","out","height"
"9","hours","new","daughter","can","had","have","mom","can","what","all","not","can","chocolate","what","new","around","all","some","catch","used","had","dinner","after","our","www"
"10","got","each","day","think","into","but","halloween","these","days","heart","all","how","good","reading","time","into","them","actually","enjoy","boys","little","few","said","got","width"
"11","other","tree","out","when","this","home","came","families","told","them","than","think","little","really","last","cat","this","didnt","facebook","pictures","time","excited","too","love","photo"
"12","call","years","friends","tell","about","you","died","there","time","day","about","know","like","you","done","bed","wear","maybe","items","fun","back","thanks","boys","their","ashleyannphotography"
"13","about","together","girls","youre","last","very","watch","you","could","mother","when","about","when","blog","this","back","good","really","you","made","made","check","time","back","url"
"14","home","few","birthday","say","going","kids","listen","love","went","children","things","not","but","out","all","had","red","baby","enter","some","they","tomorrow","face","these","becrafty"
"15","could","thanksgiving","did","let","time","those","singing","people","said","know","going","things","chicken","some","really","door","advice","still","span","then","took","new","but","there","jpg"
"16","into","always","wanted","yes","there","story","music","over","wanted","grateful","time","here","dinner","books","doing","box","buy","who","comment","those","pretty","have","kid","some","uploads"
"17","only","have","could","like","morning","not","party","great","after","most","now","all","recipe","wrote","ive","put","now","dont","come","cute","out","photo","mee","great","pictures"
"18","snow","house","friend","now","first","didn","fire","many","long","can","before","when","out","write","every","now","shoes","now","none","picture","but","sweet","hed","kids","shots"
"19","left","gift","good","make","head","life","first","put","took","world","out","there","blue","email","next","floor","out","thing","love","gift","day","wonderful","big","them","myy"
"20","pulled","table","name","who","but","know","perfect","click","know","those","dont","want","over","have","like","front","skin","other","word","too","could","tonight","asked","pretty","iii"
