"","Topic 1","Topic 2","Topic 3","Topic 4","Topic 5","Topic 6","Topic 7","Topic 8","Topic 9","Topic 10","Topic 11","Topic 12","Topic 13","Topic 14","Topic 15","Topic 16","Topic 17","Topic 18","Topic 19","Topic 20","Topic 21","Topic 22","Topic 23","Topic 24","Topic 25","Topic 26","Topic 27","Topic 28","Topic 29","Topic 30"
"1","all","not","book","her","person","car","his","had","not","they","not","there","this","christmas","love","not","this","here","school","day","birthday","baby","house","have","food","you","post","this","hair","this"
"2","this","because","read","she","favorite","out","him","when","because","have","pictures","this","who","our","how","post","here","blog","day","children","mom","bed","our","time","eat","your","blog","now","like","make"
"3","they","about","this","girl","store","back","hes","then","this","but","boys","our","about","family","who","have","help","shop","teacher","church","party","night","room","week","this","have","com","song","but","paint"
"4","but","all","have","when","leave","drive","boy","but","going","about","camera","see","have","this","life","who","more","off","high","god","brother","sleep","out","our","but","dont","content","watch","have","paper"
"5","little","but","really","shes","saturday","call","boys","would","there","them","kids","little","what","here","all","all","all","you","other","about","big","morning","like","this","made","can","http","but","look","them"
"6","here","like","reading","had","come","had","word","could","dog","what","take","where","their","weekend","family","like","there","code","both","know","cant","home","all","last","them","want","height","video","use","used"
"7","had","which","more","but","visit","phone","play","time","like","kids","iso","place","not","new","little","day","these","your","different","they","dad","today","new","day","until","know","www","movie","this","little"
"8","out","really","year","well","comment","snow","man","said","over","how","picture","trip","you","few","heart","today","you","catch","class","happy","sweet","babies","kitchen","days","then","like","width","show","red","can"
"9","our","some","books","home","back","only","class","out","when","things","they","all","work","today","those","people","some","facebook","chinese","christ","cute","still","back","years","make","this","ashleyannphotography","music","all","some"
"10","got","thing","too","daughter","now","home","span","back","out","not","photo","they","people","dinner","mother","email","many","all","teachers","today","cake","hours","put","more","chocolate","think","url","very","good","made"
"11","love","what","favorite","very","enter","other","style","got","into","our","can","beautiful","would","home","into","about","can","enjoy","out","this","halloween","down","home","now","try","what","becrafty","old","wear","cut"
"12","these","something","here","care","then","where","yellow","first","about","can","more","time","but","beautiful","their","work","families","find","college","what","happy","hand","door","every","dinner","tell","jpg","hear","out","out"
"13","some","actually","list","little","your","half","around","before","two","when","fun","had","had","favorite","know","would","bbs","free","grade","jesus","special","sick","where","old","recipe","youre","uploads","again","buy","fabric"
"14","there","other","right","face","winner","into","none","thought","all","their","like","through","white","happy","children","write","thank","new","child","mormon","day","doctor","have","ive","over","when","camera","while","very","box"
"15","about","didnt","into","day","telling","outside","background","did","right","out","them","took","said","year","them","question","over","etsy","schools","hope","yesterday","hospital","over","next","blue","come","mark","first","then","too"
"16","back","probably","some","hard","ends","seat","himself","down","someone","think","all","many","any","tomorrow","each","internet","kids","website","few","hard","friends","again","cat","long","chicken","see","sizes","voice","bought","color"
"17","have","off","write","girls","giveaway","stop","repeat","over","didn","all","photos","day","ive","children","can","because","people","month","preschool","cancer","around","bad","everything","but","eating","let","caption","another","shoes","top"
"18","their","then","ideas","sister","april","work","when","after","thing","like","great","could","know","photos","about","should","conference","vintage","little","amazing","spring","days","front","going","water","yes","canon","fire","skin","could"
"19","pretty","dont","summer","idea","per","pick","most","told","what","there","year","made","those","their","grateful","advice","going","items","said","after","dress","pain","around","still","ate","how","iii","listening","face","use"
"20","great","know","little","doing","chosen","driving","face","never","around","here","some","down","than","check","because","funny","click","little","first","christian","candy","feel","them","year","delicious","something","iso","else","bag","design"
